{
  "success": true,
  "job_id": null,
  "message": "Pipeline execution completed",
  "results": {
    "pose_results": [
      {
        "index": 0,
        "score": 0.08109667897224426,
        "rotation": [
          [
            0.6892740726470947,
            0.7211625576019287,
            -0.06946590542793274
          ],
          [
            0.7064593434333801,
            -0.690277636051178,
            -0.15630587935447693
          ],
          [
            -0.16067275404930115,
            0.058662235736846924,
            -0.9852632284164429
          ]
        ],
        "translation": [
          185.77163696289062,
          -156.89645385742188,
          950.1122436523438
        ]
      },
      {
        "index": 1,
        "score": 0.07718372344970703,
        "rotation": [
          [
            0.13389509916305542,
            -0.8400515913963318,
            0.5257236957550049
          ],
          [
            0.140631765127182,
            -0.5090253353118896,
            -0.8491858243942261
          ],
          [
            0.9809664487838745,
            0.18763485550880432,
            0.0499817430973053
          ]
        ],
        "translation": [
          -111.35668182373047,
          -47.291419982910156,
          953.7966918945312
        ]
      },
      {
        "index": 2,
        "score": 0.0027447794564068317,
        "rotation": [
          [
            -0.5762490034103394,
            0.6850621104240417,
            -0.44567644596099854
          ],
          [
            -0.4778766632080078,
            0.15994729101657867,
            0.8637423515319824
          ],
          [
            0.6630018949508667,
            0.7107088565826416,
            0.2352055460214615
          ]
        ],
        "translation": [
          -107.9531478881836,
          -53.803836822509766,
          972.26123046875
        ]
      },
      {
        "index": 3,
        "score": 0.023188216611742973,
        "rotation": [
          [
            -0.5785195231437683,
            -0.7873649001121521,
            -0.21300692856311798
          ],
          [
            -0.8051065802574158,
            0.5931032299995422,
            -0.005719244480133057
          ],
          [
            0.13083818554878235,
            0.16818439960479736,
            -0.9770339727401733
          ]
        ],
        "translation": [
          168.8780059814453,
          -178.5904083251953,
          911.73583984375
        ]
      },
      {
        "index": 4,
        "score": 0.0,
        "rotation": [
          [
            1.0,
            0.0,
            0.0
          ],
          [
            0.0,
            1.0,
            0.0
          ],
          [
            0.0,
            0.0,
            1.0
          ]
        ],
        "translation": [
          0.0,
          0.0,
          0.0
        ]
      }
    ],
    "num_poses": 5,
    "output_dir": "C:\\CD\\PROJECT\\BINPICKING\\Estimation_Server\\static\\output\\20251031_144911_api-full-pipeline-from-rss",
    "request_tag": "api-full-pipeline-from-rss"
  }
}