{
  "cam_K": [
    651.5468139648438,
    0.0,
    651.890625,
    0.0,
    651.5468139648438,
    363.5436706542969,
    0.0,
    0.0,
    1.0
  ],
  "depth_scale": 1.0
}