{
  "depth_intrinsics": {
    "width": 1280,
    "height": 720,
    "fx": 651.5468139648438,
    "fy": 651.5468139648438,
    "ppx": 651.890625,
    "ppy": 363.5436706542969,
    "model": "distortion.brown_conrady",
    "coeffs": [
      0.0,
      0.0,
      0.0,
      0.0,
      0.0
    ]
  },
  "color_intrinsics": {
    "width": 1280,
    "height": 720,
    "fx": 643.603271484375,
    "fy": 642.7771606445312,
    "ppx": 645.9017944335938,
    "ppy": 357.5129699707031,
    "model": "distortion.inverse_brown_conrady",
    "coeffs": [
      -0.05618487671017647,
      0.06767132878303528,
      0.00044696085387840867,
      0.001520367804914713,
      -0.0223555751144886
    ]
  },
  "depth_to_color_extrinsics": {
    "rotation": [
      0.9999929070472717,
      0.0013489332050085068,
      -0.00352156488224864,
      -0.0013572756433859468,
      0.9999963045120239,
      -0.002367647597566247,
      0.0035183578729629517,
      0.0023724103812128305,
      0.9999909996986389
    ],
    "translation": [
      -0.05899759382009506,
      -6.319129170151427e-05,
      0.0003553914721123874
    ]
  }
}