{
  "cam_K": [
    643.603271484375,
    0.0,
    645.9017944335938,
    0.0,
    642.7771606445312,
    357.5129699707031,
    0.0,
    0.0,
    1.0
  ],
  "depth_scale": 1.0
}